,MAE,RMSE,R2,TIME
RNN,1.3267120697498322,1.6810179754412133,0.6522558268264516,0.010521888732910156
DNN,0.5723637021631003,0.6747172786516441,0.9434498922838161,0.0037381649017333984
SVM,0.2949937070012093,0.41946263097291764,0.9786625510933553,-320.2109990119934
LSTM,0.32934426179528237,0.43490264608993556,0.9769073060805731,0.023756027221679688
GRU,0.2949937070012093,0.41946263097291764,0.9786625510933553,0.02442336082458496
