,MAE,RMSE,R2,TIME
RNN,1.7757722589969636,2.1385550257046755,0.43664256207608587,0.052778005599975586
DNN,0.4972196419835091,0.6546710637098924,0.9472487192311967,0.04231882095336914
SVM,0.3727123714581049,0.45972753376292397,0.9740350753248724,0.01831674575805664
LSTM,0.24164391636848448,0.33966070377807434,0.9859137922971934,0.06300115585327148
GRU,0.18800129586458203,0.2604232784343031,0.9917356271220192,0.053143978118896484
B_GRU,0.26058854961395267,0.3416994697271516,0.9857048121084138,0.05066227912902832
