,MAE,RMSE,R2,TIME
RNN,1.7757721487283709,2.1385550515244014,0.4366425468830414,0.009209156036376953
DNN,0.4972196419835091,0.6546710637098924,0.9472487192311967,0.005282163619995117
SVM,0.3727123714581049,0.45972753376292397,0.9740350753248724,0.018345117568969727
LSTM,0.24164393723011016,0.33966072579446527,0.9859137905547547,0.018288135528564453
GRU,0.18800144487619397,0.2604233462218462,0.9917356228378837,0.016742944717407227
