,X,y,PX,Py
0,2.0,2.0,2.1486425,1.5848514
1,2.0,5.0,2.0407417,4.9888425
2,3.0,8.0,2.9635856,8.085009
3,4.0,1.0,4.268954,0.9797909
4,4.0,6.0,3.9710217,5.8493686
5,5.0,3.0,5.3100886,3.135364
6,6.0,9.0,6.069646,8.577453
7,7.0,5.0,6.848046,5.5250945
8,8.0,2.0,7.8021884,1.5381844
9,9.0,8.0,8.969224,8.019092
