,MAE,RMSE,R2,TIME
RNN,1.3267120697498322,1.6810179754412133,0.6522558268264516,0.009886026382446289
DNN,0.5723637021631003,0.6747172786516441,0.9434498922838161,0.004167079925537109
SVM,0.0,0.0,0.0,0.0
LSTM,0.32934426179528237,0.43490264608993556,0.9769073060805731,0.024824142456054688
GRU,0.2949937070012093,0.41946263097291764,0.9786625510933553,0.02189183235168457
